TRUNCATE public.survey_responses, public.survey_submissions, public.survey_questions, public.survey_categories, public.survey_weeks CASCADE;
INSERT INTO public.survey_weeks (year, week_number, start_date, end_date) VALUES (2026, 1, '2026-01-05', '2026-01-11');
INSERT INTO public.survey_weeks (year, week_number, start_date, end_date) VALUES (2026, 2, '2026-01-12', '2026-01-18');
INSERT INTO public.survey_weeks (year, week_number, start_date, end_date) VALUES (2026, 3, '2026-01-19', '2026-01-25');
INSERT INTO public.survey_categories (id, name) VALUES ('906eb4a7-cc76-49e2-b924-b643d9798103', 'Spiritual Audit');
INSERT INTO public.survey_questions (id, category_id, question_text, question_type, point_value) VALUES ('478b1251-20bd-41f4-9607-ae1ac303a771', '906eb4a7-cc76-49e2-b924-b643d9798103', 'How frequently have I met with God this week?', 'likert', 8);
INSERT INTO public.survey_questions (id, category_id, question_text, question_type, point_value) VALUES ('914bb84b-ca16-4ce0-9e17-208ce35271d8', '906eb4a7-cc76-49e2-b924-b643d9798103', 'Have I been expressing Gratitude to God this Week?', 'likert', 8);
INSERT INTO public.survey_questions (id, category_id, question_text, question_type, point_value) VALUES ('dac89f62-756f-44e7-b983-0d1a1c03de80', '906eb4a7-cc76-49e2-b924-b643d9798103', 'How well have I prioritised diligent bible reading/study over other important things in life?', 'likert', 8);
INSERT INTO public.survey_questions (id, category_id, question_text, question_type, point_value) VALUES ('63bdba8e-28fe-48ef-b694-32b9e8ffeaeb', '906eb4a7-cc76-49e2-b924-b643d9798103', 'How well have I prioritized diligent prayer over other important things in life?', 'likert', 8);
INSERT INTO public.survey_questions (id, category_id, question_text, question_type, point_value) VALUES ('2f922d96-4018-4952-b630-973168559ef3', '906eb4a7-cc76-49e2-b924-b643d9798103', 'How often am I actually meeting God from the Heart and not just for formality’s sake?', 'likert', 8);
INSERT INTO public.survey_questions (id, category_id, question_text, question_type, point_value) VALUES ('874ca8c1-6761-4492-9198-26d4eecd283f', '906eb4a7-cc76-49e2-b924-b643d9798103', 'How often am I being distracted by social media and distractions instead of meeting with God?', 'likert', 8);
INSERT INTO public.survey_questions (id, category_id, question_text, question_type, point_value) VALUES ('72a90c38-f5d8-49f3-ab14-4455fec4565c', '906eb4a7-cc76-49e2-b924-b643d9798103', 'How diligent have i been with attending and concentrating during church activities?', 'likert', 8);
INSERT INTO public.survey_questions (id, category_id, question_text, question_type, point_value) VALUES ('9ce6bea2-70a0-4059-a7a8-b5397316c176', '906eb4a7-cc76-49e2-b924-b643d9798103', 'Am I more focused on how I look spirituality than how I am spiritually?', 'binary', 0);
INSERT INTO public.survey_questions (id, category_id, question_text, question_type, point_value) VALUES ('e502900d-5b5e-4708-9ad8-90c364a3d663', '906eb4a7-cc76-49e2-b924-b643d9798103', 'How intentional have you been with caring for your disciples?', 'likert', 8);
INSERT INTO public.survey_questions (id, category_id, question_text, question_type, point_value) VALUES ('2a54232d-7d82-4fa4-8c33-955a2f1f9f96', '906eb4a7-cc76-49e2-b924-b643d9798103', 'How intentional have you been with being discipled?', 'likert', 8);
INSERT INTO public.survey_questions (id, category_id, question_text, question_type, point_value) VALUES ('85fca444-3d7a-4de0-ba8f-b2272fa061b7', '906eb4a7-cc76-49e2-b924-b643d9798103', 'How intentional have you been about evangelism?', 'likert', 8);
INSERT INTO public.survey_questions (id, category_id, question_text, question_type, point_value) VALUES ('557eee14-8328-4f82-806e-5c13d78392a9', '906eb4a7-cc76-49e2-b924-b643d9798103', 'How humble have I been in how I view myself when serving God?', 'likert', 8);
INSERT INTO public.survey_questions (id, category_id, question_text, question_type, point_value) VALUES ('cd56f79b-0fcc-44cc-a89b-f873039ce03a', '906eb4a7-cc76-49e2-b924-b643d9798103', 'Am I open to correction from People Younger, less experienced or less “spiritual” than me?', 'binary', 0);
INSERT INTO public.survey_questions (id, category_id, question_text, question_type, point_value) VALUES ('42bcc307-ac32-450f-8707-cff561c46d07', '906eb4a7-cc76-49e2-b924-b643d9798103', 'Do I see the people I serve with as my competitors or team member?', 'likert', 8);
INSERT INTO public.survey_questions (id, category_id, question_text, question_type, point_value) VALUES ('bd684098-f669-42f1-9849-778f2a88ee22', '906eb4a7-cc76-49e2-b924-b643d9798103', 'Do I crave recognition, praise, or being seen as important when I serve God?', 'binary', 0);
INSERT INTO public.survey_questions (id, category_id, question_text, question_type, point_value) VALUES ('41951fcb-d202-446d-a12b-a0b299b4faea', '906eb4a7-cc76-49e2-b924-b643d9798103', 'How well have I been relying on and acknowledging God in all my ways?', 'likert', 8);
INSERT INTO public.survey_categories (id, name) VALUES ('546d16f1-e5e7-441e-a708-29cdcd81c664', 'Moral Audit');
INSERT INTO public.survey_questions (id, category_id, question_text, question_type, point_value) VALUES ('a8c81c17-57eb-486b-9de5-7ebb2d141ee4', '546d16f1-e5e7-441e-a708-29cdcd81c664', 'Have I eaten Ice cream this Week?', 'binary', 0);
INSERT INTO public.survey_questions (id, category_id, question_text, question_type, point_value) VALUES ('5f7ae971-7ab9-43f7-a90b-c1ad84c4e6d4', '546d16f1-e5e7-441e-a708-29cdcd81c664', 'Am I entertaining lustful thoughts about someone?', 'binary', 0);
INSERT INTO public.survey_questions (id, category_id, question_text, question_type, point_value) VALUES ('21d53021-03e6-4228-83c2-c60625f2b4dd', '546d16f1-e5e7-441e-a708-29cdcd81c664', 'How actively am I keeping the guard rails in my fight for purity?', 'likert', 8);
INSERT INTO public.survey_questions (id, category_id, question_text, question_type, point_value) VALUES ('1bc44d85-2099-4df9-a3bf-27c61602ead5', '546d16f1-e5e7-441e-a708-29cdcd81c664', 'Are all the following measures in place? (Second Looks, Idleness, watching triggering or provocative content, interactions with shawties?)', 'multi', 0);
INSERT INTO public.survey_questions (id, category_id, question_text, question_type, point_value) VALUES ('e33ef64b-7a9e-482b-b945-bca09b1cef87', '546d16f1-e5e7-441e-a708-29cdcd81c664', 'Have I thought of myself as better than others just because I haven’t sinned the way they have?', 'binary', 0);
INSERT INTO public.survey_questions (id, category_id, question_text, question_type, point_value) VALUES ('241347fe-3467-49a5-9502-5077ac330aac', '546d16f1-e5e7-441e-a708-29cdcd81c664', 'Are you withholding forgiveness from people that have wronged you?', 'binary', 0);
INSERT INTO public.survey_questions (id, category_id, question_text, question_type, point_value) VALUES ('996992b5-c7bc-4f3f-99f2-8ce51b2f7c22', '546d16f1-e5e7-441e-a708-29cdcd81c664', 'Are you confessing and seeking out forgiveness from those you have wronged?', 'binary', 0);
INSERT INTO public.survey_questions (id, category_id, question_text, question_type, point_value) VALUES ('0d03996b-6089-458a-ab8d-0485124de23d', '546d16f1-e5e7-441e-a708-29cdcd81c664', 'Have I said something about a brother or sister that was not my place to say?', 'binary', 0);
INSERT INTO public.survey_questions (id, category_id, question_text, question_type, point_value) VALUES ('e31d20eb-6226-4482-b226-512deac3ca54', '546d16f1-e5e7-441e-a708-29cdcd81c664', 'Are you hiding any sins, or telling half-truths to them?', 'binary', 0);
INSERT INTO public.survey_questions (id, category_id, question_text, question_type, point_value) VALUES ('3c8591e7-8c6a-41d6-bde5-2e2eefe0c182', '546d16f1-e5e7-441e-a708-29cdcd81c664', 'Am I daily Repenting for my sins and reminding myself of the Gospel?', 'binary', 0);
INSERT INTO public.survey_categories (id, name) VALUES ('9b023b0c-206d-4d47-90c9-2adbb54fd650', 'Fitness Audit');
INSERT INTO public.survey_questions (id, category_id, question_text, question_type, point_value) VALUES ('8ee12615-01b6-41ae-bcc9-5e367407a25a', '9b023b0c-206d-4d47-90c9-2adbb54fd650', 'How well did I progressively challenge myself in my workouts?', 'likert', 8);
INSERT INTO public.survey_questions (id, category_id, question_text, question_type, point_value) VALUES ('736be2d7-5c32-4e27-bc84-f59821abe0b9', '9b023b0c-206d-4d47-90c9-2adbb54fd650', 'How consistently did I complete my planned workouts this week?', 'likert', 8);
INSERT INTO public.survey_questions (id, category_id, question_text, question_type, point_value) VALUES ('52130bcb-c9f5-422b-bf0e-28b5d6e6fe0b', '9b023b0c-206d-4d47-90c9-2adbb54fd650', 'How focused and intense were my workouts?', 'likert', 8);
INSERT INTO public.survey_questions (id, category_id, question_text, question_type, point_value) VALUES ('93a12f70-0375-4a25-963a-c9246859d860', '9b023b0c-206d-4d47-90c9-2adbb54fd650', 'How accurately did I log my workouts/exercises?', 'likert', 8);
INSERT INTO public.survey_questions (id, category_id, question_text, question_type, point_value) VALUES ('62d97346-9a2b-4838-8497-c79d57a6775b', '9b023b0c-206d-4d47-90c9-2adbb54fd650', 'How well Am I eating in a way that supports my fitness goals?', 'likert', 8);
INSERT INTO public.survey_questions (id, category_id, question_text, question_type, point_value) VALUES ('f286334f-429e-4317-ab2b-172e70ed3190', '9b023b0c-206d-4d47-90c9-2adbb54fd650', 'How well did I do with my hydration routine?', 'likert', 8);
INSERT INTO public.survey_questions (id, category_id, question_text, question_type, point_value) VALUES ('70aea900-3ecf-47cc-a265-fe5113817ef4', '9b023b0c-206d-4d47-90c9-2adbb54fd650', 'How Good was my sleeping schedule?', 'likert', 8);
INSERT INTO public.survey_questions (id, category_id, question_text, question_type, point_value) VALUES ('2f855e33-6db5-4dc6-973a-07e4959647ac', '9b023b0c-206d-4d47-90c9-2adbb54fd650', 'How well did I track and review my fitness progress this week?', 'likert', 8);
INSERT INTO public.survey_questions (id, category_id, question_text, question_type, point_value) VALUES ('6b875fe3-27e8-435b-a93e-c834e822a2a9', '9b023b0c-206d-4d47-90c9-2adbb54fd650', 'How well did I eliminate or control the things that normally act as roadblocks to my fitness?', 'likert', 8);
INSERT INTO public.survey_questions (id, category_id, question_text, question_type, point_value) VALUES ('5ac16f85-0ee8-4235-bccf-f265b32d3d36', '9b023b0c-206d-4d47-90c9-2adbb54fd650', 'Have I been seeking to Steward my body for the glory of God or the glory of self?', 'binary', 0);
INSERT INTO public.survey_categories (id, name) VALUES ('3489eb70-4c11-4e7e-abe4-77b6f714cfaa', 'Financial Stewardship Audit');
INSERT INTO public.survey_questions (id, category_id, question_text, question_type, point_value) VALUES ('76f412f9-66a2-428e-8666-2044f9124a31', '3489eb70-4c11-4e7e-abe4-77b6f714cfaa', 'How Frequently have I been reviewing my finances?', 'likert', 8);
INSERT INTO public.survey_questions (id, category_id, question_text, question_type, point_value) VALUES ('99ce28fb-5527-4778-b36d-4cbd237e9cee', '3489eb70-4c11-4e7e-abe4-77b6f714cfaa', 'Did I set money aside to Help people or was I only selfish?', 'binary', 0);
INSERT INTO public.survey_questions (id, category_id, question_text, question_type, point_value) VALUES ('c1623f25-0a11-4012-a938-09a868d38b61', '3489eb70-4c11-4e7e-abe4-77b6f714cfaa', 'How well did I stick to my Budget?', 'likert', 8);
INSERT INTO public.survey_questions (id, category_id, question_text, question_type, point_value) VALUES ('0acc1117-2b5b-4505-aaca-bda5d8205ccf', '3489eb70-4c11-4e7e-abe4-77b6f714cfaa', 'Did I save the amount I planned on saving?', 'binary', 0);
INSERT INTO public.survey_questions (id, category_id, question_text, question_type, point_value) VALUES ('568b6178-d09b-4118-8f49-d703ad3ec231', '3489eb70-4c11-4e7e-abe4-77b6f714cfaa', 'How well have I been tracking expenses?', 'likert', 8);
INSERT INTO public.survey_questions (id, category_id, question_text, question_type, point_value) VALUES ('567cdb9d-fc99-4843-8ef3-3799c961a358', '3489eb70-4c11-4e7e-abe4-77b6f714cfaa', 'Did I make any impulse or emotional purchases?', 'binary', 0);
INSERT INTO public.survey_questions (id, category_id, question_text, question_type, point_value) VALUES ('a92d4a78-2978-4620-8b16-db89956c12f5', '3489eb70-4c11-4e7e-abe4-77b6f714cfaa', 'Have I set Aside money for investment not just saving?', 'binary', 0);
INSERT INTO public.survey_questions (id, category_id, question_text, question_type, point_value) VALUES ('425fd191-2d3d-43ee-97cb-05c94aa0787a', '3489eb70-4c11-4e7e-abe4-77b6f714cfaa', 'Do my financial habits honor God and my long-term calling?', 'binary', 0);
INSERT INTO public.survey_questions (id, category_id, question_text, question_type, point_value) VALUES ('b9d024e1-7483-4137-8c62-b9bc87a11429', '3489eb70-4c11-4e7e-abe4-77b6f714cfaa', 'Was my attitude when receiving money this week acknowledging that it was God''s money entrusted to me or did I see it as my own entitlement?', 'likert', 8);
INSERT INTO public.survey_questions (id, category_id, question_text, question_type, point_value) VALUES ('01363e76-c69f-4be7-b46d-cb34ecb52b3f', '3489eb70-4c11-4e7e-abe4-77b6f714cfaa', 'When I gave money this week, Was it done with willingness and joy or reluctantly and begrudgingly?', 'binary', 0);
INSERT INTO public.survey_questions (id, category_id, question_text, question_type, point_value) VALUES ('3fdb216a-730d-43db-836d-deda771e33f0', '3489eb70-4c11-4e7e-abe4-77b6f714cfaa', 'Did any of my spending contradict my goals?', 'binary', 0);
INSERT INTO public.survey_categories (id, name) VALUES ('c45b436e-2083-423a-82ef-820fd4879416', 'Social Life Audit');
INSERT INTO public.survey_questions (id, category_id, question_text, question_type, point_value) VALUES ('a5459974-c8cc-4da7-9f1c-ed66934f2bab', 'c45b436e-2083-423a-82ef-820fd4879416', 'Did I see relationships as opportunities to serve or transactions to manage?', 'binary', 0);
INSERT INTO public.survey_questions (id, category_id, question_text, question_type, point_value) VALUES ('7c557c05-2312-48ee-9d4f-3e096a4c33bd', 'c45b436e-2083-423a-82ef-820fd4879416', 'Was I present, patient, and attentive or distracted and self-focused?', 'binary', 0);
INSERT INTO public.survey_questions (id, category_id, question_text, question_type, point_value) VALUES ('c52e472e-23a9-494b-afe8-2f844e1bede0', 'c45b436e-2083-423a-82ef-820fd4879416', 'How well Did I intentionally invest in meaningful relationships?', 'likert', 8);
INSERT INTO public.survey_questions (id, category_id, question_text, question_type, point_value) VALUES ('5c961954-0284-432e-8367-81ce361ecd88', 'c45b436e-2083-423a-82ef-820fd4879416', 'Are my closest relationships helping me grow spiritually and emotionally?', 'likert', 8);
INSERT INTO public.survey_questions (id, category_id, question_text, question_type, point_value) VALUES ('8590aaa6-1a78-4e07-ba0c-de7f5d895aa7', 'c45b436e-2083-423a-82ef-820fd4879416', 'Did I seek out to check in, encourage or support a friend this week?', 'binary', 0);
INSERT INTO public.survey_questions (id, category_id, question_text, question_type, point_value) VALUES ('9da597bc-f3c1-4c30-ae35-78c341aa28f9', 'c45b436e-2083-423a-82ef-820fd4879416', 'Did I show genuine care through words and actions?', 'likert', 8);
INSERT INTO public.survey_questions (id, category_id, question_text, question_type, point_value) VALUES ('fa1c0dce-5161-43e2-b30a-7fbe7bf78107', 'c45b436e-2083-423a-82ef-820fd4879416', 'Am I building community or isolating myself?', 'binary', 0);
INSERT INTO public.survey_questions (id, category_id, question_text, question_type, point_value) VALUES ('e14f6295-96a9-4a92-8c7e-f1e1117db289', 'c45b436e-2083-423a-82ef-820fd4879416', 'Was I quick to listen and slow to speak?', 'binary', 0);
INSERT INTO public.survey_questions (id, category_id, question_text, question_type, point_value) VALUES ('e4a98dc5-d371-492f-8381-91259de7818a', 'c45b436e-2083-423a-82ef-820fd4879416', 'Did I serve others without expecting anything in return?', 'binary', 0);
INSERT INTO public.survey_questions (id, category_id, question_text, question_type, point_value) VALUES ('c7c6ed88-0419-46f5-8b34-ba6443d251be', 'c45b436e-2083-423a-82ef-820fd4879416', 'Are my relationships healthy and life-giving?', 'binary', 0);
INSERT INTO public.survey_questions (id, category_id, question_text, question_type, point_value) VALUES ('d666c43d-213e-458b-8d4e-f2cb8bc7dd93', 'c45b436e-2083-423a-82ef-820fd4879416', 'Did I maintain wise boundaries with my time, energy, and emotions?', 'binary', 0);
INSERT INTO public.survey_questions (id, category_id, question_text, question_type, point_value) VALUES ('a17ae0d3-819e-4ae2-9c88-b0fd88ec3b97', 'c45b436e-2083-423a-82ef-820fd4879416', 'Am I being influenced more than I influence?', 'binary', 0);
INSERT INTO public.survey_questions (id, category_id, question_text, question_type, point_value) VALUES ('ac96cb42-345e-4569-9dbf-1716f25aef56', 'c45b436e-2083-423a-82ef-820fd4879416', 'Do my friendships pull me closer to or further from my values?', 'binary', 0);
INSERT INTO public.survey_questions (id, category_id, question_text, question_type, point_value) VALUES ('8830cb8a-7538-4a55-9644-310e32698586', 'c45b436e-2083-423a-82ef-820fd4879416', 'Did I communicate honestly and respectfully?', 'binary', 0);
INSERT INTO public.survey_questions (id, category_id, question_text, question_type, point_value) VALUES ('493cf895-3335-4d80-aabe-2a770a613d23', 'c45b436e-2083-423a-82ef-820fd4879416', 'Did I avoid difficult but necessary conversations?', 'binary', 0);
INSERT INTO public.survey_questions (id, category_id, question_text, question_type, point_value) VALUES ('86a60e1f-201b-4374-98f4-bc6e829d6bf0', 'c45b436e-2083-423a-82ef-820fd4879416', 'Did I make time for people who matter most?', 'binary', 0);
INSERT INTO public.survey_questions (id, category_id, question_text, question_type, point_value) VALUES ('a953634c-87bb-4876-9488-9921b3ad9bf3', 'c45b436e-2083-423a-82ef-820fd4879416', 'Does my social life support my spiritual and personal growth?', 'binary', 0);
INSERT INTO public.survey_questions (id, category_id, question_text, question_type, point_value) VALUES ('77053d08-fa55-4234-bb1e-a72c98c2a053', 'c45b436e-2083-423a-82ef-820fd4879416', 'Am I loving others the way Christ loves me?', 'binary', 0);
INSERT INTO public.survey_questions (id, category_id, question_text, question_type, point_value) VALUES ('de7627b5-a739-4a0c-bec4-d7bb215f349f', 'c45b436e-2083-423a-82ef-820fd4879416', 'Do my relationships reflect the kind of person I want to become?', 'binary', 0);
INSERT INTO public.survey_questions (id, category_id, question_text, question_type, point_value) VALUES ('d5846bb7-c7ab-4a3c-b1d6-523a24705a6e', 'c45b436e-2083-423a-82ef-820fd4879416', 'If my social patterns stay the same for 12 months, will my life be richer or emptier?', 'binary', 0);
INSERT INTO public.survey_categories (id, name) VALUES ('781552a5-0196-474a-9046-faca1337f990', 'Career Audit');
INSERT INTO public.survey_questions (id, category_id, question_text, question_type, point_value) VALUES ('753eaef9-12e4-4e9e-ba9e-70d5ee706f1b', '781552a5-0196-474a-9046-faca1337f990', 'Did I see my education/job as a burden, a stepping stone, or a stewardship?', 'multi', 0);
INSERT INTO public.survey_questions (id, category_id, question_text, question_type, point_value) VALUES ('a6c2842a-4f8a-4cec-867f-fec9f731981c', '781552a5-0196-474a-9046-faca1337f990', 'Did I approach my responsibilities with gratitude, diligence, and humility?', 'binary', 0);
INSERT INTO public.survey_questions (id, category_id, question_text, question_type, point_value) VALUES ('9d5c4187-aa52-49b3-b293-64d0bd42a8f3', '781552a5-0196-474a-9046-faca1337f990', 'Am I acting like this season “doesn’t matter,” or treating it as preparation?', 'binary', 0);
INSERT INTO public.survey_questions (id, category_id, question_text, question_type, point_value) VALUES ('299e16c0-2852-42b2-ae8d-95a29f86247d', '781552a5-0196-474a-9046-faca1337f990', 'Do I see my current role (student or employee) as part of my long-term calling?', 'binary', 0);
INSERT INTO public.survey_questions (id, category_id, question_text, question_type, point_value) VALUES ('47f7f675-b666-4438-948f-5b3a033e4c5a', '781552a5-0196-474a-9046-faca1337f990', 'Did I pursue excellence even in tasks that felt boring or insignificant?', 'binary', 0);
INSERT INTO public.survey_questions (id, category_id, question_text, question_type, point_value) VALUES ('4dc75244-3777-4b76-91ac-c954cacba2b5', '781552a5-0196-474a-9046-faca1337f990', 'Did I show up on time and prepared (classes, lectures, meetings, shifts)?', 'binary', 0);
INSERT INTO public.survey_questions (id, category_id, question_text, question_type, point_value) VALUES ('0dd5d299-0b98-4d00-8a88-99753b9dfa21', '781552a5-0196-474a-9046-faca1337f990', 'Was I disciplined with my time, focus, and energy?', 'binary', 0);
INSERT INTO public.survey_questions (id, category_id, question_text, question_type, point_value) VALUES ('9389f1fd-5378-4d9f-a796-a20382f114c0', '781552a5-0196-474a-9046-faca1337f990', 'Did I procrastinate on important work (assignments, studying, projects)?', 'binary', 0);
INSERT INTO public.survey_questions (id, category_id, question_text, question_type, point_value) VALUES ('472d9509-1acf-46b7-a33b-e56e34d2e42c', '781552a5-0196-474a-9046-faca1337f990', 'Did I intentionally build skills beyond requirements (courses, certifications, practice)?', 'binary', 0);
INSERT INTO public.survey_questions (id, category_id, question_text, question_type, point_value) VALUES ('91680c7f-1f34-4fa3-8be6-0ec48c87536c', '781552a5-0196-474a-9046-faca1337f990', 'Did I seek feedback from professors, supervisors, or mentors?', 'binary', 0);
INSERT INTO public.survey_questions (id, category_id, question_text, question_type, point_value) VALUES ('8574fef4-c949-4918-9da6-16fcd9b420e3', '781552a5-0196-474a-9046-faca1337f990', 'Did my actions this week move me closer to those goals?', 'binary', 0);
INSERT INTO public.survey_questions (id, category_id, question_text, question_type, point_value) VALUES ('ff91ab01-0ef4-4181-be90-f542530c2e5f', '781552a5-0196-474a-9046-faca1337f990', 'Was I honest in my work, assignments, exams, and interactions?', 'binary', 0);
INSERT INTO public.survey_questions (id, category_id, question_text, question_type, point_value) VALUES ('8ed974e9-3b14-41db-ab2f-a5cdf7f31181', '781552a5-0196-474a-9046-faca1337f990', 'Did I take responsibility for mistakes or make excuses?', 'likert', 8);
INSERT INTO public.survey_questions (id, category_id, question_text, question_type, point_value) VALUES ('2be9f161-53ca-4c38-9efb-123d12b6381e', '781552a5-0196-474a-9046-faca1337f990', 'Did I take initiative instead of waiting to be told what to do?', 'binary', 0);
INSERT INTO public.survey_questions (id, category_id, question_text, question_type, point_value) VALUES ('489d0ed3-a1dc-4d56-95af-c78348f8fd59', '781552a5-0196-474a-9046-faca1337f990', 'Did fear or comfort stop me from growing?', 'binary', 0);
INSERT INTO public.survey_questions (id, category_id, question_text, question_type, point_value) VALUES ('2fe0f2d0-0d69-4f73-af4a-3200e9112a0b', '781552a5-0196-474a-9046-faca1337f990', 'Did I balance work/study with rest and health?', 'binary', 0);