TRUNCATE public.survey_responses, public.survey_submissions, public.survey_questions, public.survey_categories, public.survey_weeks CASCADE;
INSERT INTO public.survey_weeks (year, week_number, start_date, end_date) VALUES (2026, 1, '2026-01-05', '2026-01-11');
INSERT INTO public.survey_weeks (year, week_number, start_date, end_date) VALUES (2026, 2, '2026-01-12', '2026-01-18');
INSERT INTO public.survey_weeks (year, week_number, start_date, end_date) VALUES (2026, 3, '2026-01-19', '2026-01-25');
INSERT INTO public.survey_weeks (year, week_number, start_date, end_date) VALUES (2026, 4, '2026-01-26', '2026-02-01');
INSERT INTO public.survey_weeks (year, week_number, start_date, end_date) VALUES (2026, 5, '2026-02-02', '2026-02-08');
INSERT INTO public.survey_weeks (year, week_number, start_date, end_date) VALUES (2026, 6, '2026-02-09', '2026-02-15');
INSERT INTO public.survey_weeks (year, week_number, start_date, end_date) VALUES (2026, 7, '2026-02-16', '2026-02-22');
INSERT INTO public.survey_weeks (year, week_number, start_date, end_date) VALUES (2026, 8, '2026-02-23', '2026-03-01');
INSERT INTO public.survey_weeks (year, week_number, start_date, end_date) VALUES (2026, 9, '2026-03-02', '2026-03-08');
INSERT INTO public.survey_weeks (year, week_number, start_date, end_date) VALUES (2026, 10, '2026-03-09', '2026-03-15');
INSERT INTO public.survey_weeks (year, week_number, start_date, end_date) VALUES (2026, 11, '2026-03-16', '2026-03-22');
INSERT INTO public.survey_weeks (year, week_number, start_date, end_date) VALUES (2026, 12, '2026-03-23', '2026-03-29');
INSERT INTO public.survey_categories (id, name) VALUES ('d9b6237e-9c0d-4130-b3c1-c5d7a9fd774b', 'Spiritual Audit');
INSERT INTO public.survey_questions (id, category_id, question_text, question_type, point_value, options) VALUES ('478b1251-20bd-41f4-9607-ae1ac303a771', 'd9b6237e-9c0d-4130-b3c1-c5d7a9fd774b', 'How frequently have I met with God this week?', 'likert', 8, '[]');
INSERT INTO public.survey_questions (id, category_id, question_text, question_type, point_value, options) VALUES ('914bb84b-ca16-4ce0-9e17-208ce35271d8', 'd9b6237e-9c0d-4130-b3c1-c5d7a9fd774b', 'Have I been expressing Gratitude to God this Week?', 'likert', 8, '[]');
INSERT INTO public.survey_questions (id, category_id, question_text, question_type, point_value, options) VALUES ('dac89f62-756f-44e7-b983-0d1a1c03de80', 'd9b6237e-9c0d-4130-b3c1-c5d7a9fd774b', 'How well have I prioritised diligent bible reading/study over other important things in life?', 'likert', 8, '[]');
INSERT INTO public.survey_questions (id, category_id, question_text, question_type, point_value, options) VALUES ('63bdba8e-28fe-48ef-b694-32b9e8ffeaeb', 'd9b6237e-9c0d-4130-b3c1-c5d7a9fd774b', 'How well have I prioritized diligent prayer over other important things in life?', 'likert', 8, '[]');
INSERT INTO public.survey_questions (id, category_id, question_text, question_type, point_value, options) VALUES ('2f922d96-4018-4952-b630-973168559ef3', 'd9b6237e-9c0d-4130-b3c1-c5d7a9fd774b', 'How often am I actually meeting God from the Heart and not just for formality’s sake?', 'likert', 8, '[]');
INSERT INTO public.survey_questions (id, category_id, question_text, question_type, point_value, options) VALUES ('874ca8c1-6761-4492-9198-26d4eecd283f', 'd9b6237e-9c0d-4130-b3c1-c5d7a9fd774b', 'How often am I being distracted by social media and distractions instead of meeting with God?', 'likert', 8, '[]');
INSERT INTO public.survey_questions (id, category_id, question_text, question_type, point_value, options) VALUES ('72a90c38-f5d8-49f3-ab14-4455fec4565c', 'd9b6237e-9c0d-4130-b3c1-c5d7a9fd774b', 'How diligent have i been with attending and concentrating during church activities?', 'likert', 8, '[]');
INSERT INTO public.survey_questions (id, category_id, question_text, question_type, point_value, options) VALUES ('9ce6bea2-70a0-4059-a7a8-b5397316c176', 'd9b6237e-9c0d-4130-b3c1-c5d7a9fd774b', 'Am I more focused on how I look spirituality than how I am spiritually?', 'binary', 0, '[]');
INSERT INTO public.survey_questions (id, category_id, question_text, question_type, point_value, options) VALUES ('e502900d-5b5e-4708-9ad8-90c364a3d663', 'd9b6237e-9c0d-4130-b3c1-c5d7a9fd774b', 'How intentional have you been with caring for your disciples?', 'likert', 8, '[]');
INSERT INTO public.survey_questions (id, category_id, question_text, question_type, point_value, options) VALUES ('2a54232d-7d82-4fa4-8c33-955a2f1f9f96', 'd9b6237e-9c0d-4130-b3c1-c5d7a9fd774b', 'How intentional have you been with being discipled?', 'likert', 8, '[]');
INSERT INTO public.survey_questions (id, category_id, question_text, question_type, point_value, options) VALUES ('85fca444-3d7a-4de0-ba8f-b2272fa061b7', 'd9b6237e-9c0d-4130-b3c1-c5d7a9fd774b', 'How intentional have you been about evangelism?', 'likert', 8, '[]');
INSERT INTO public.survey_questions (id, category_id, question_text, question_type, point_value, options) VALUES ('557eee14-8328-4f82-806e-5c13d78392a9', 'd9b6237e-9c0d-4130-b3c1-c5d7a9fd774b', 'How humble have I been in how I view myself when serving God?', 'likert', 8, '[]');
INSERT INTO public.survey_questions (id, category_id, question_text, question_type, point_value, options) VALUES ('cd56f79b-0fcc-44cc-a89b-f873039ce03a', 'd9b6237e-9c0d-4130-b3c1-c5d7a9fd774b', 'Am I open to correction from People Younger, less experienced or less “spiritual” than me?', 'binary', 0, '[]');
INSERT INTO public.survey_questions (id, category_id, question_text, question_type, point_value, options) VALUES ('42bcc307-ac32-450f-8707-cff561c46d07', 'd9b6237e-9c0d-4130-b3c1-c5d7a9fd774b', 'Do I see the people I serve with as my competitors or team member?', 'likert', 8, '[]');
INSERT INTO public.survey_questions (id, category_id, question_text, question_type, point_value, options) VALUES ('bd684098-f669-42f1-9849-778f2a88ee22', 'd9b6237e-9c0d-4130-b3c1-c5d7a9fd774b', 'Do I crave recognition, praise, or being seen as important when I serve God?', 'binary', 0, '[]');
INSERT INTO public.survey_questions (id, category_id, question_text, question_type, point_value, options) VALUES ('41951fcb-d202-446d-a12b-a0b299b4faea', 'd9b6237e-9c0d-4130-b3c1-c5d7a9fd774b', 'How well have I been relying on and acknowledging God in all my ways?', 'likert', 8, '[]');
INSERT INTO public.survey_categories (id, name) VALUES ('f5432dd7-3444-4801-92fd-1b957f0ca87c', 'Moral Audit');
INSERT INTO public.survey_questions (id, category_id, question_text, question_type, point_value, options) VALUES ('a8c81c17-57eb-486b-9de5-7ebb2d141ee4', 'f5432dd7-3444-4801-92fd-1b957f0ca87c', 'Have I eaten Ice cream this Week?', 'binary', 0, '[]');
INSERT INTO public.survey_questions (id, category_id, question_text, question_type, point_value, options) VALUES ('5f7ae971-7ab9-43f7-a90b-c1ad84c4e6d4', 'f5432dd7-3444-4801-92fd-1b957f0ca87c', 'Am I entertaining lustful thoughts about someone?', 'binary', 0, '[]');
INSERT INTO public.survey_questions (id, category_id, question_text, question_type, point_value, options) VALUES ('21d53021-03e6-4228-83c2-c60625f2b4dd', 'f5432dd7-3444-4801-92fd-1b957f0ca87c', 'How actively am I keeping the guard rails in my fight for purity?', 'likert', 8, '[]');
INSERT INTO public.survey_questions (id, category_id, question_text, question_type, point_value, options) VALUES ('1bc44d85-2099-4df9-a3bf-27c61602ead5', 'f5432dd7-3444-4801-92fd-1b957f0ca87c', 'Are all the following measures in place? (Second Looks, Idleness, watching triggering or provocative content, interactions with shawties?)', 'multi', 0, '["ALL MEASURES ARE IN PLACE", "SOME ARE IN PLACE BUT THERE ARE GAPS", "I DON''T HAVE ANY MEASURES AT ALL"]');
INSERT INTO public.survey_questions (id, category_id, question_text, question_type, point_value, options) VALUES ('e33ef64b-7a9e-482b-b945-bca09b1cef87', 'f5432dd7-3444-4801-92fd-1b957f0ca87c', 'Have I thought of myself as better than others just because I haven’t sinned the way they have?', 'binary', 0, '[]');
INSERT INTO public.survey_questions (id, category_id, question_text, question_type, point_value, options) VALUES ('241347fe-3467-49a5-9502-5077ac330aac', 'f5432dd7-3444-4801-92fd-1b957f0ca87c', 'Are you withholding forgiveness from people that have wronged you?', 'binary', 0, '[]');
INSERT INTO public.survey_questions (id, category_id, question_text, question_type, point_value, options) VALUES ('996992b5-c7bc-4f3f-99f2-8ce51b2f7c22', 'f5432dd7-3444-4801-92fd-1b957f0ca87c', 'Are you confessing and seeking out forgiveness from those you have wronged?', 'binary', 0, '[]');
INSERT INTO public.survey_questions (id, category_id, question_text, question_type, point_value, options) VALUES ('0d03996b-6089-458a-ab8d-0485124de23d', 'f5432dd7-3444-4801-92fd-1b957f0ca87c', 'Have I said something about a brother or sister that was not my place to say?', 'binary', 0, '[]');
INSERT INTO public.survey_questions (id, category_id, question_text, question_type, point_value, options) VALUES ('e31d20eb-6226-4482-b226-512deac3ca54', 'f5432dd7-3444-4801-92fd-1b957f0ca87c', 'Are you hiding any sins, or telling half-truths to them?', 'binary', 0, '[]');
INSERT INTO public.survey_questions (id, category_id, question_text, question_type, point_value, options) VALUES ('3c8591e7-8c6a-41d6-bde5-2e2eefe0c182', 'f5432dd7-3444-4801-92fd-1b957f0ca87c', 'Am I daily Repenting for my sins and reminding myself of the Gospel?', 'binary', 0, '[]');
INSERT INTO public.survey_categories (id, name) VALUES ('25e7ce06-3ae1-4a39-ae39-0e75745bab16', 'Fitness Audit');
INSERT INTO public.survey_questions (id, category_id, question_text, question_type, point_value, options) VALUES ('8ee12615-01b6-41ae-bcc9-5e367407a25a', '25e7ce06-3ae1-4a39-ae39-0e75745bab16', 'How well did I progressively challenge myself in my workouts?', 'likert', 8, '[]');
INSERT INTO public.survey_questions (id, category_id, question_text, question_type, point_value, options) VALUES ('736be2d7-5c32-4e27-bc84-f59821abe0b9', '25e7ce06-3ae1-4a39-ae39-0e75745bab16', 'How consistently did I complete my planned workouts this week?', 'likert', 8, '[]');
INSERT INTO public.survey_questions (id, category_id, question_text, question_type, point_value, options) VALUES ('52130bcb-c9f5-422b-bf0e-28b5d6e6fe0b', '25e7ce06-3ae1-4a39-ae39-0e75745bab16', 'How focused and intense were my workouts?', 'likert', 8, '[]');
INSERT INTO public.survey_questions (id, category_id, question_text, question_type, point_value, options) VALUES ('93a12f70-0375-4a25-963a-c9246859d860', '25e7ce06-3ae1-4a39-ae39-0e75745bab16', 'How accurately did I log my workouts/exercises?', 'likert', 8, '[]');
INSERT INTO public.survey_questions (id, category_id, question_text, question_type, point_value, options) VALUES ('62d97346-9a2b-4838-8497-c79d57a6775b', '25e7ce06-3ae1-4a39-ae39-0e75745bab16', 'How well Am I eating in a way that supports my fitness goals?', 'likert', 8, '[]');
INSERT INTO public.survey_questions (id, category_id, question_text, question_type, point_value, options) VALUES ('f286334f-429e-4317-ab2b-172e70ed3190', '25e7ce06-3ae1-4a39-ae39-0e75745bab16', 'How well did I do with my hydration routine?', 'likert', 8, '[]');
INSERT INTO public.survey_questions (id, category_id, question_text, question_type, point_value, options) VALUES ('70aea900-3ecf-47cc-a265-fe5113817ef4', '25e7ce06-3ae1-4a39-ae39-0e75745bab16', 'How Good was my sleeping schedule?', 'likert', 8, '[]');
INSERT INTO public.survey_questions (id, category_id, question_text, question_type, point_value, options) VALUES ('2f855e33-6db5-4dc6-973a-07e4959647ac', '25e7ce06-3ae1-4a39-ae39-0e75745bab16', 'How well did I track and review my fitness progress this week?', 'likert', 8, '[]');
INSERT INTO public.survey_questions (id, category_id, question_text, question_type, point_value, options) VALUES ('6b875fe3-27e8-435b-a93e-c834e822a2a9', '25e7ce06-3ae1-4a39-ae39-0e75745bab16', 'How well did I eliminate or control the things that normally act as roadblocks to my fitness?', 'likert', 8, '[]');
INSERT INTO public.survey_questions (id, category_id, question_text, question_type, point_value, options) VALUES ('5ac16f85-0ee8-4235-bccf-f265b32d3d36', '25e7ce06-3ae1-4a39-ae39-0e75745bab16', 'Have I been seeking to Steward my body for the glory of God or the glory of self?', 'binary', 0, '[]');
INSERT INTO public.survey_categories (id, name) VALUES ('e8d7ccc0-7ca5-4b81-8ab9-5497c3e26602', 'Financial Stewardship Audit');
INSERT INTO public.survey_questions (id, category_id, question_text, question_type, point_value, options) VALUES ('76f412f9-66a2-428e-8666-2044f9124a31', 'e8d7ccc0-7ca5-4b81-8ab9-5497c3e26602', 'How Frequently have I been reviewing my finances?', 'likert', 8, '[]');
INSERT INTO public.survey_questions (id, category_id, question_text, question_type, point_value, options) VALUES ('99ce28fb-5527-4778-b36d-4cbd237e9cee', 'e8d7ccc0-7ca5-4b81-8ab9-5497c3e26602', 'Did I set money aside to Help people or was I only selfish?', 'binary', 0, '[]');
INSERT INTO public.survey_questions (id, category_id, question_text, question_type, point_value, options) VALUES ('c1623f25-0a11-4012-a938-09a868d38b61', 'e8d7ccc0-7ca5-4b81-8ab9-5497c3e26602', 'How well did I stick to my Budget?', 'likert', 8, '[]');
INSERT INTO public.survey_questions (id, category_id, question_text, question_type, point_value, options) VALUES ('0acc1117-2b5b-4505-aaca-bda5d8205ccf', 'e8d7ccc0-7ca5-4b81-8ab9-5497c3e26602', 'Did I save the amount I planned on saving?', 'binary', 0, '[]');
INSERT INTO public.survey_questions (id, category_id, question_text, question_type, point_value, options) VALUES ('568b6178-d09b-4118-8f49-d703ad3ec231', 'e8d7ccc0-7ca5-4b81-8ab9-5497c3e26602', 'How well have I been tracking expenses?', 'likert', 8, '[]');
INSERT INTO public.survey_questions (id, category_id, question_text, question_type, point_value, options) VALUES ('567cdb9d-fc99-4843-8ef3-3799c961a358', 'e8d7ccc0-7ca5-4b81-8ab9-5497c3e26602', 'Did I make any impulse or emotional purchases?', 'binary', 0, '[]');
INSERT INTO public.survey_questions (id, category_id, question_text, question_type, point_value, options) VALUES ('a92d4a78-2978-4620-8b16-db89956c12f5', 'e8d7ccc0-7ca5-4b81-8ab9-5497c3e26602', 'Have I set Aside money for investment not just saving?', 'binary', 0, '[]');
INSERT INTO public.survey_questions (id, category_id, question_text, question_type, point_value, options) VALUES ('425fd191-2d3d-43ee-97cb-05c94aa0787a', 'e8d7ccc0-7ca5-4b81-8ab9-5497c3e26602', 'Do my financial habits honor God and my long-term calling?', 'binary', 0, '[]');
INSERT INTO public.survey_questions (id, category_id, question_text, question_type, point_value, options) VALUES ('b9d024e1-7483-4137-8c62-b9bc87a11429', 'e8d7ccc0-7ca5-4b81-8ab9-5497c3e26602', 'Was my attitude when receiving money this week acknowledging that it was God''s money entrusted to me or did I see it as my own entitlement?', 'likert', 8, '[]');
INSERT INTO public.survey_questions (id, category_id, question_text, question_type, point_value, options) VALUES ('01363e76-c69f-4be7-b46d-cb34ecb52b3f', 'e8d7ccc0-7ca5-4b81-8ab9-5497c3e26602', 'When I gave money this week, Was it done with willingness and joy or reluctantly and begrudgingly?', 'binary', 0, '[]');
INSERT INTO public.survey_questions (id, category_id, question_text, question_type, point_value, options) VALUES ('3fdb216a-730d-43db-836d-deda771e33f0', 'e8d7ccc0-7ca5-4b81-8ab9-5497c3e26602', 'Did any of my spending contradict my goals?', 'binary', 0, '[]');
INSERT INTO public.survey_categories (id, name) VALUES ('5f9a9dd3-c15a-43c3-9620-e76729a14f0f', 'Social Life Audit');
INSERT INTO public.survey_questions (id, category_id, question_text, question_type, point_value, options) VALUES ('a5459974-c8cc-4da7-9f1c-ed66934f2bab', '5f9a9dd3-c15a-43c3-9620-e76729a14f0f', 'Did I see relationships as opportunities to serve or transactions to manage?', 'binary', 0, '[]');
INSERT INTO public.survey_questions (id, category_id, question_text, question_type, point_value, options) VALUES ('7c557c05-2312-48ee-9d4f-3e096a4c33bd', '5f9a9dd3-c15a-43c3-9620-e76729a14f0f', 'Was I present, patient, and attentive or distracted and self-focused?', 'binary', 0, '[]');
INSERT INTO public.survey_questions (id, category_id, question_text, question_type, point_value, options) VALUES ('c52e472e-23a9-494b-afe8-2f844e1bede0', '5f9a9dd3-c15a-43c3-9620-e76729a14f0f', 'How well Did I intentionally invest in meaningful relationships?', 'likert', 8, '[]');
INSERT INTO public.survey_questions (id, category_id, question_text, question_type, point_value, options) VALUES ('5c961954-0284-432e-8367-81ce361ecd88', '5f9a9dd3-c15a-43c3-9620-e76729a14f0f', 'Are my closest relationships helping me grow spiritually and emotionally?', 'likert', 8, '[]');
INSERT INTO public.survey_questions (id, category_id, question_text, question_type, point_value, options) VALUES ('8590aaa6-1a78-4e07-ba0c-de7f5d895aa7', '5f9a9dd3-c15a-43c3-9620-e76729a14f0f', 'Did I seek out to check in, encourage or support a friend this week?', 'binary', 0, '[]');
INSERT INTO public.survey_questions (id, category_id, question_text, question_type, point_value, options) VALUES ('9da597bc-f3c1-4c30-ae35-78c341aa28f9', '5f9a9dd3-c15a-43c3-9620-e76729a14f0f', 'Did I show genuine care through words and actions?', 'likert', 8, '[]');
INSERT INTO public.survey_questions (id, category_id, question_text, question_type, point_value, options) VALUES ('fa1c0dce-5161-43e2-b30a-7fbe7bf78107', '5f9a9dd3-c15a-43c3-9620-e76729a14f0f', 'Am I building community or isolating myself?', 'binary', 0, '[]');
INSERT INTO public.survey_questions (id, category_id, question_text, question_type, point_value, options) VALUES ('e14f6295-96a9-4a92-8c7e-f1e1117db289', '5f9a9dd3-c15a-43c3-9620-e76729a14f0f', 'Was I quick to listen and slow to speak?', 'binary', 0, '[]');
INSERT INTO public.survey_questions (id, category_id, question_text, question_type, point_value, options) VALUES ('e4a98dc5-d371-492f-8381-91259de7818a', '5f9a9dd3-c15a-43c3-9620-e76729a14f0f', 'Did I serve others without expecting anything in return?', 'binary', 0, '[]');
INSERT INTO public.survey_questions (id, category_id, question_text, question_type, point_value, options) VALUES ('c7c6ed88-0419-46f5-8b34-ba6443d251be', '5f9a9dd3-c15a-43c3-9620-e76729a14f0f', 'Are my relationships healthy and life-giving?', 'binary', 0, '[]');
INSERT INTO public.survey_questions (id, category_id, question_text, question_type, point_value, options) VALUES ('d666c43d-213e-458b-8d4e-f2cb8bc7dd93', '5f9a9dd3-c15a-43c3-9620-e76729a14f0f', 'Did I maintain wise boundaries with my time, energy, and emotions?', 'binary', 0, '[]');
INSERT INTO public.survey_questions (id, category_id, question_text, question_type, point_value, options) VALUES ('a17ae0d3-819e-4ae2-9c88-b0fd88ec3b97', '5f9a9dd3-c15a-43c3-9620-e76729a14f0f', 'Am I being influenced more than I influence?', 'binary', 0, '[]');
INSERT INTO public.survey_questions (id, category_id, question_text, question_type, point_value, options) VALUES ('ac96cb42-345e-4569-9dbf-1716f25aef56', '5f9a9dd3-c15a-43c3-9620-e76729a14f0f', 'Do my friendships pull me closer to or further from my values?', 'binary', 0, '[]');
INSERT INTO public.survey_questions (id, category_id, question_text, question_type, point_value, options) VALUES ('8830cb8a-7538-4a55-9644-310e32698586', '5f9a9dd3-c15a-43c3-9620-e76729a14f0f', 'Did I communicate honestly and respectfully?', 'binary', 0, '[]');
INSERT INTO public.survey_questions (id, category_id, question_text, question_type, point_value, options) VALUES ('493cf895-3335-4d80-aabe-2a770a613d23', '5f9a9dd3-c15a-43c3-9620-e76729a14f0f', 'Did I avoid difficult but necessary conversations?', 'binary', 0, '[]');
INSERT INTO public.survey_questions (id, category_id, question_text, question_type, point_value, options) VALUES ('86a60e1f-201b-4374-98f4-bc6e829d6bf0', '5f9a9dd3-c15a-43c3-9620-e76729a14f0f', 'Did I make time for people who matter most?', 'binary', 0, '[]');
INSERT INTO public.survey_questions (id, category_id, question_text, question_type, point_value, options) VALUES ('a953634c-87bb-4876-9488-9921b3ad9bf3', '5f9a9dd3-c15a-43c3-9620-e76729a14f0f', 'Does my social life support my spiritual and personal growth?', 'binary', 0, '[]');
INSERT INTO public.survey_questions (id, category_id, question_text, question_type, point_value, options) VALUES ('77053d08-fa55-4234-bb1e-a72c98c2a053', '5f9a9dd3-c15a-43c3-9620-e76729a14f0f', 'Am I loving others the way Christ loves me?', 'binary', 0, '[]');
INSERT INTO public.survey_questions (id, category_id, question_text, question_type, point_value, options) VALUES ('de7627b5-a739-4a0c-bec4-d7bb215f349f', '5f9a9dd3-c15a-43c3-9620-e76729a14f0f', 'Do my relationships reflect the kind of person I want to become?', 'binary', 0, '[]');
INSERT INTO public.survey_questions (id, category_id, question_text, question_type, point_value, options) VALUES ('d5846bb7-c7ab-4a3c-b1d6-523a24705a6e', '5f9a9dd3-c15a-43c3-9620-e76729a14f0f', 'If my social patterns stay the same for 12 months, will my life be richer or emptier?', 'binary', 0, '[]');
INSERT INTO public.survey_categories (id, name) VALUES ('52a13dbe-c881-460d-bba6-c501c1daacd8', 'Career Audit');
INSERT INTO public.survey_questions (id, category_id, question_text, question_type, point_value, options) VALUES ('753eaef9-12e4-4e9e-ba9e-70d5ee706f1b', '52a13dbe-c881-460d-bba6-c501c1daacd8', 'Did I see my education/job as a burden, a stepping stone, or a stewardship?', 'multi', 0, '["BURDEN", "STEPPING STONE", "STEWARDSHIP"]');
INSERT INTO public.survey_questions (id, category_id, question_text, question_type, point_value, options) VALUES ('a6c2842a-4f8a-4cec-867f-fec9f731981c', '52a13dbe-c881-460d-bba6-c501c1daacd8', 'Did I approach my responsibilities with gratitude, diligence, and humility?', 'binary', 0, '[]');
INSERT INTO public.survey_questions (id, category_id, question_text, question_type, point_value, options) VALUES ('9d5c4187-aa52-49b3-b293-64d0bd42a8f3', '52a13dbe-c881-460d-bba6-c501c1daacd8', 'Am I acting like this season “doesn’t matter,” or treating it as preparation?', 'binary', 0, '[]');
INSERT INTO public.survey_questions (id, category_id, question_text, question_type, point_value, options) VALUES ('299e16c0-2852-42b2-ae8d-95a29f86247d', '52a13dbe-c881-460d-bba6-c501c1daacd8', 'Do I see my current role (student or employee) as part of my long-term calling?', 'binary', 0, '[]');
INSERT INTO public.survey_questions (id, category_id, question_text, question_type, point_value, options) VALUES ('47f7f675-b666-4438-948f-5b3a033e4c5a', '52a13dbe-c881-460d-bba6-c501c1daacd8', 'Did I pursue excellence even in tasks that felt boring or insignificant?', 'binary', 0, '[]');
INSERT INTO public.survey_questions (id, category_id, question_text, question_type, point_value, options) VALUES ('4dc75244-3777-4b76-91ac-c954cacba2b5', '52a13dbe-c881-460d-bba6-c501c1daacd8', 'Did I show up on time and prepared (classes, lectures, meetings, shifts)?', 'binary', 0, '[]');
INSERT INTO public.survey_questions (id, category_id, question_text, question_type, point_value, options) VALUES ('0dd5d299-0b98-4d00-8a88-99753b9dfa21', '52a13dbe-c881-460d-bba6-c501c1daacd8', 'Was I disciplined with my time, focus, and energy?', 'binary', 0, '[]');
INSERT INTO public.survey_questions (id, category_id, question_text, question_type, point_value, options) VALUES ('9389f1fd-5378-4d9f-a796-a20382f114c0', '52a13dbe-c881-460d-bba6-c501c1daacd8', 'Did I procrastinate on important work (assignments, studying, projects)?', 'binary', 0, '[]');
INSERT INTO public.survey_questions (id, category_id, question_text, question_type, point_value, options) VALUES ('472d9509-1acf-46b7-a33b-e56e34d2e42c', '52a13dbe-c881-460d-bba6-c501c1daacd8', 'Did I intentionally build skills beyond requirements (courses, certifications, practice)?', 'binary', 0, '[]');
INSERT INTO public.survey_questions (id, category_id, question_text, question_type, point_value, options) VALUES ('91680c7f-1f34-4fa3-8be6-0ec48c87536c', '52a13dbe-c881-460d-bba6-c501c1daacd8', 'Did I seek feedback from professors, supervisors, or mentors?', 'binary', 0, '[]');
INSERT INTO public.survey_questions (id, category_id, question_text, question_type, point_value, options) VALUES ('8574fef4-c949-4918-9da6-16fcd9b420e3', '52a13dbe-c881-460d-bba6-c501c1daacd8', 'Did my actions this week move me closer to those goals?', 'binary', 0, '[]');
INSERT INTO public.survey_questions (id, category_id, question_text, question_type, point_value, options) VALUES ('ff91ab01-0ef4-4181-be90-f542530c2e5f', '52a13dbe-c881-460d-bba6-c501c1daacd8', 'Was I honest in my work, assignments, exams, and interactions?', 'binary', 0, '[]');
INSERT INTO public.survey_questions (id, category_id, question_text, question_type, point_value, options) VALUES ('8ed974e9-3b14-41db-ab2f-a5cdf7f31181', '52a13dbe-c881-460d-bba6-c501c1daacd8', 'Did I take responsibility for mistakes or make excuses?', 'likert', 8, '[]');
INSERT INTO public.survey_questions (id, category_id, question_text, question_type, point_value, options) VALUES ('2be9f161-53ca-4c38-9efb-123d12b6381e', '52a13dbe-c881-460d-bba6-c501c1daacd8', 'Did I take initiative instead of waiting to be told what to do?', 'binary', 0, '[]');
INSERT INTO public.survey_questions (id, category_id, question_text, question_type, point_value, options) VALUES ('489d0ed3-a1dc-4d56-95af-c78348f8fd59', '52a13dbe-c881-460d-bba6-c501c1daacd8', 'Did fear or comfort stop me from growing?', 'binary', 0, '[]');
INSERT INTO public.survey_questions (id, category_id, question_text, question_type, point_value, options) VALUES ('2fe0f2d0-0d69-4f73-af4a-3200e9112a0b', '52a13dbe-c881-460d-bba6-c501c1daacd8', 'Did I balance work/study with rest and health?', 'binary', 0, '[]');